Store No,Address1,City,State,Zip
113,890 Odum Dr,Gardendale,AL,35071
112,685 Schillinger Rd,Mobile,AL,36695
111,600 Boll Weevil Circle,Enterprise,AL,36330
110,2801 Memorial Parkway,Huntsville,AL,35801
109,"900 Commons Dr, Ste 821",Dothan,AL,36303
101,"800 E Dimond Blvd, Ste 121",Anchorage,AK,99515
103,800 E Dimond Blvd,Anchorage,AK,99515
102,"320 W Fifth Ave, #372",Anchorage,AK,99501
108,6200 Grand River Blvd East,Leeds,AL,35094
107,1701 McFarland Blvd East,Tuscaloosa,AL,35404
106,US Highway & Eastern Bypass Spc E13,Montgomery,AL,36117
105,2000-148 Riverchase Galleria,Birmingham,AL,35244
104,3208 Bel Air Mall,Mobile,AL,36606
225,6000 West Markham Street,Little Rock,AR,72205
224,11201 Bass Pro Pkwy,Little Rock,AR,72210
223,4201 North Shiloh Drive,Fayetteville,AR,72703
221,3000 E Highland Dr,Jonesboro,AR,72401
222,2203 Promenade Boulevard,Rogers,AR,72758
264,2000 E. Rio Salado Pkwy,Tempe,AZ,85281
263,7700 W. Arrowhead Towne Center,Glendale,AZ,85308
262,4568 E Cactus Rd,Phoenix,AZ,85032
261,7014 E Camelback Rd,Scottsdale,AZ,85251
279,2200 Eastridge Mall Dr,San Jose,CA,95122
278,3401 Dale Rd,Modesto,CA,95356
277,3200 N Naglee Rd  Spc 158,Tracy,CA,95304
276,2701 Ming Ave,Bakersfield,CA,93304
275,267 Southland Mall Drive,Hayward,CA,94545
274,2027 S Mooney Blvd,Visalia,CA,93277
273,2015 Montebello Town Center,Montebello,CA,90640
272,1111B Glendale Galleria,Glendale,CA,91210
271,1675 W Lacey Blvd,Hanford,CA,93230
260,3111 W Chandler Blvd  Spc 1072,Chandler,AZ,85226
259,4250 Anthem Way F90,Phoenix,AZ,85086
258,5000 Arizona Mills Circle,Tempe,AZ,85282
300,925 Blossom Hill Rd,San Jose,CA,95123
299,1215 Colusa Avenue,Yuba City,CA,95991
298,"845 Market Str, Spc 201",San Francisco,CA,94105
297,"100 Citadel Dr, Ste 314",Los Angeles,CA,90040
296,6600 Topanga Canyon Blvd,Canoga Park,CA,91303
295,"22500 Town Cir, Ste 1048",Moreno Valley,CA,92553
294,"1950 E 20th Str, Ste E-503",Chico,CA,95928
293,3650 Martin Luther King Blvd,Los Angeles,CA,90008
70130,1151 Galleria Blvd Spc FC1,Roseville,CA,95678
265,2004 Westminster Mall,Westminster,CA,92683
287,400 S Baldwin Ave Spc E5  Ste 119,Arcadia,CA,91007
286,Spc 2325,Santa Clara,CA,95050
285,1403 Retherford St,Tulare,CA,93274
284,One Mills Circle,Ontario,CA,91764
283,One Mills Circle,Ontario,CA,91764
282,400 S Baldwin Ave,Arcadia,CA,91007
281,2800 N Main St,Santa Ana,CA,92701
280,32A Serramonte Shopping Center,Daly City,CA,94015
320,1071 Santa Rosa Plaza,Santa Rosa,CA,95407
319,"20 City Blvd. West, Space #213",Orange,CA,92868
318,13000 Folsom Blvd.,Folsom,CA,95630
317,3382 Murphy Canyon Rd.,San Diego,CA,92123
316,555 The Shops At Mission Viejo,Mission Viejo,CA,92691
315,"Food Court, Bldg. 2017",San Diego,CA,92135
314,900 Dana Drive,Redding,CA,96003
313,3451 S Dogwood Ave,EL Centro,CA,92243
270,172 Plaza Dr,West Covina,CA,91790
269,510 Great Mall Dr,Milpitas,CA,95035
268,141B Los Cerritos Center,Cerritos,CA,90703
267,1043 Newport Center Dr,Newport Beach,CA,92660
266,1003 Brea Mall,Brea,CA,92821
308,330 Lakewood Center Mall,Lakewood,CA,90712
307,4463 Camino de la Plaza,San Ysidro,CA,92173
306,"5701 Outlets at Tejon Parkway, Spc 870",Arvin,CA,93023
305,2792 Livermore Outlets Drive,Livermore,CA,94551
304,653 Great Mall Drive,Milpitas,CA,95035
303,3650 Martin Luther King Blvd,Los Angeles,CA,90008
302,72-840 Highway 111,Palm Desert,CA,92260
301,5060 Montclair Plaza Lane,Montclair,CA,91763
292,"1150 El Camino Real, Ste 137",San Bruno,CA,94066
291,5308 Pacific Ave #30,Stockton,CA,95207
290,"8378 On The Mall, Ste 233",Buena Park,CA,90620
289,9301 Tampa Ave Spc 122,Northridge,CA,91324
288,Space 9008,Culver City,CA,90230
323,681 Leavesley Road,Gilroy,CA,95020
322,888 W. 2nd Street,Calexico,CA,92231
321,3520 Giddings Ranch Road,Altadena,CA,91001
312,"21540 Hawthorne Blvd, Spc 514C",Torrance,CA,90502
311,Interstate 5 at West Avenida Vista Hermosa,San Clemente,CA,92673
310,796 Northridge Mall,Salinas,CA,93906
309,2057 Galleria at Tyler,Riverside,CA,92503
40129,2037 New Park Mall,Newark,CA,94560
40128,1689 Arden Way  Spc 2008,Sacramento,CA,95815
70139,24201 W Valencia Blvd,Valencia,CA,91355
70138,500 Inland Ctr #K2,San Bernardino,CA,92408
70137,"743 Spectrum Center Dr, Ste 220",Irvine,CA,92618
70136,1212 Stoneridge Mall,Pleasanton,CA,94588
70135,1600 Azusa Ave  Store 129,City of Industry,CA,91748
70133,6801 Hollywood Blvd,Hollywood,CA,90028
70132,48750 Seminole Dr  Spc 106,Cabazon,CA,92230
70131,9301 Tampa Ave Spc 83-A,Northridge,CA,91324
705,500 16th St.,Denver,CO,80021
704,5050 Factory Shops Blvd.,Castle Rock,CO,80108
703,215 E. Foothills Parkway,Fort Collins,CO,80525
702,"14500 W Colfax Avenue, #536",Lakewood,CO,80123
701,"One W Flatiron Cir, Spc 2234",Broomfield,CO,80021
700,1710 Briargate Blvd,Colorado Springs,CO,80920
699,14200 E Almeda Ave,Aurora,CO,80012
698,8501 W Bowles Ave #2C-339,Littleton,CO,80123
815,Train Concourse Spc T-9,Washington,DC,20001
748,1201 Boston Post Road,Milford,CT,6460
747,495 Flatbush Avenue,Hartford,CT,6106
746,455 Trolley Line Blvd,Mashantucket,CT,6338
745,7 Backus Avenue,Danbury,CT,6810
744,500 Westfarms Mall,Farmington,CT,6032
743,7 Backus Avenue,Danbury,CT,6810
742,850 Hartford Tpk Spc L121,Waterford,CT,6385
806,57 Rehoboth Ave.,Rehoboth Beach,DE,19971
805,160 Rehoboth Ave,Rehoboth Beach,DE,19971
827,8001 S Orange Blossom Tr,Orlando,FL,32809
826,1700 W New Haven Ave,Melbourne,FL,32904
825,3462 NW Federal Hwy,Jensen Beach,FL,34957
824,1910 Wells Rd K-104,Orange Park,FL,32073
823,9409 US Highway 19,Port Richey,FL,34668
818,3001 Connecticut Ave. NW,Washington,DC,20008
817,3001 Connecticut Ave. NW,Washington,DC,20008
816,429 L'Enfant Plaza SW,Washington,DC,20024
804,752 Christiana Mall Road,Newark,DE,19702
798,3214 Kirkwood Hwy,Wilmington,DE,19808
803,939 N DuPont Hwy,Milford,DE,19963
802,263 Wal-Mart Dr,Camden,DE,19934
801,4737 Concord Pike  Spc 850,Wilmington,DE,19803
800,3004 Dover Mall,Dover,DE,19901
799,223 Christiana Mall Rd,Newark,DE,19702
848,7535 N Kendall Dr  Spc K133,Miami,FL,33156
847,12801 W Sunrise Blvd,Sunrise,FL,33323
846,8200 Vineland Ave Ste 1233,Orlando,FL,32821
845,8001 S Orange Blossom Tr,Orlando,FL,32809
844,9501 Arlington Expy Spc 290,Jacksonville,FL,32225
842,4125 Cleveland Ave  Unit 57,Ft Myers,FL,33901
841,10300 Southside Blvd,Jacksonville,FL,32256
840,#112 10801 Corkscrew Rd,Estero,FL,33928
839,1185 Oviedo Market Place Blvd,Oviedo,FL,32765
838,2414 E Sunrise Blvd,Ft Lauderdale,FL,33304
837,167 Town Center,Boca Raton,FL,33431
836,451 E Altamonte Dr Ste 1441,Altamonte Springs,FL,32701
835,27001 US Hwy 19 N,Clearwater,FL,33761
834,6901 22nd Ave North,St. Petersburg,FL,33710
833,9401 West Colonial Dr  Ste 644,Ocoee,FL,34761
832,12801 W Sunrise Blvd,Sunrise,FL,33323
831,Seminole Towne Center,Sanford,FL,32771
830,801 N Congress Ave  Sp 779,Boynton Beach,FL,33426
829,20505 S Dixie Hwy,Miami,FL,33189
828,9469 W Atlantic Blvd,Coral Springs,FL,33071
869,10300 W Forest Hill Blvd,Wellington,FL,33414
868,1700 W Int'l Speedway Blvd,Daytona,FL,32114
867,409 Brandon Town Center,Brandon,FL,33511
866,6901 22nd Avenue,St. Petersburg,FL,33710
865,27001 US Highway 19 North,Clearwater,FL,33761
822,11401 Pines Blvd Store 418,Pembroke Pines,FL,33026
863,9100 Citrus Park Town Center Mall,Tampa,FL,33625
862,2223 N Westshore Blvd,Tampa,FL,33607
861,777 E Merritt Island Csway,Merritt Island,FL,32952
860,3100 SW College Rd,Ocala,FL,34474
859,"6200 20th Str, Spc K1-06",Vero Beach,FL,32966
858,"3201 E Colonial Dr, Ste K-08",Orlando,FL,32803
857,"23147 Fashion Dr, Ksk #102",Estero,FL,33928
856,305 Westshore Plaza,Tampa,FL,33609
855,10337 Midtown Pkwy,Jacksonville,FL,32246
854,2133 University Square Mall,Tampa,FL,33612
853,"3800 US Hwy 98 N, Spc 706",Lakeland,FL,33809
852,1441 Tamiami Trl,Port Charlotte,FL,33948
851,Citrus Park Twn Ctr Mall,Tampa,FL,33625
850,459 Brandon Town Center,Brandon,FL,33511
849,8000 West Broward Blvd,Plantation,FL,33388
890,904 Cypress Pkwy,Kissimmee,FL,34759
889,11401 NW 12th Street,Miami,FL,33172
888,11401 NW 12th Street,Miami,FL,33172
887,5100 North 9th Avenue,Pensacola,FL,32504
886,SE Quadrant of I-95 and LPGA Blvd.,Daytona Beach,FL,32114
843,Turnberry Associates,Aventura,FL,33180
884,600 Pier Park Drive,Panama City Beach,FL,32413
883,1900 Tamiami Trail North,Naples,FL,34102
882,4381 Cattlemen Road,Sarasota,FL,34233
881,2767 W US Hwy 90,Lake City,FL,32055
880,19100 Murdock Circle,Port Charlotte,FL,33948
879,1910 Wells Road,Orange Park,FL,32073
878,1801 Palm Beach Lakes Boulevard,West Palm Beach,FL,33401
877,401 Biscayne Boulevard,Miami,FL,33132
876,Auntie Anne's - Unit 109,Sarasota,FL,34243
875,I-75 and Highway 56,Wesley Chapel,FL,33543
874,4969 International Dr K101,Orlando,FL,32819
873,5371 Factory Shops Blvd,Ellenton,FL,34222
872,1455 NW 107th Ave,Miami,FL,33172
871,1675 W 49th Street,Hialeah,FL,33012
870,10300 Southside Blvd,Jacksonville,FL,32256
864,8001 S Orange Blossom Trail,Orlando,FL,32809
904,3901 Bahia Vista Street,Sarasota,FL,34232
903,383 E. Conference Drive,Boca Raton,FL,33486
902,8000 West Broward Boulevard,Plantation,FL,33388
901,4125 Cleveland Ave.,Fort Myers,FL,33901
900,1500 Apalachee Pkwy.,Tallahassee,FL,32301
899,4400 13th St,St Cloud,FL,34769
898,2700 State Road 16,St. Augustine,FL,32092
897,1590 Dunlawton Ave,Port Orange,FL,32127
896,10300 W. Forest Hill Blvd.,Wellington,FL,33414
895,5770 W. Irlo Bronson Memorial Highway,Kissimmee,FL,34746
894,1521 W Granada Blvd,Ormond Beach,FL,32174
893,1450 Johns Lake Road,Clermont,FL,34711
892,550 US Highway 27,Clermont,FL,34714
891,10500 W Colonial Dr,Ocoee,FL,34761
885,"10406 Emerald Coast Parkway, Ste. 103",Miramar Beach,FL,32550
1093,7804 Abercorn Extension,Savannah,GA,31406
1092,1000 Southlake Mall  Spc 2314,Morrow,GA,30260
1091,3333 Buford Drive Ste 1010,Buford,GA,30519
1090,2601 Dawson Rd,Albany,GA,31707
1089,4400 Ashford-Dunwoody Rd,Atlanta,GA,30346
1088,3507 Manchester Exwy #90,Columbus,GA,31909
1113,6000 N. Terminal Parkway,Atlanta,GA,30320
1112,3481 Lakeside Drive NE,Atlanta,GA,30326
1111,350 Ferst Drive NW,Atlanta,GA,30332-0458
1110,1400 Hudson Bridge,Stockbridge,GA,30281
1109,6435 Bells Ferry Road,Woodstock,GA,30189
1105,Pooler Parkway & I-95,Savannah,GA,31401
1104,6000 N Terminal Pkwy,Atlanta,GA,30320
1103,3333 Buford Drive,Buford,GA,30519
1102,5900 Sugarloaf Pkwy,Lawrenceville,GA,30043
1101,"915 Ridgewalk Pkwy, Ste D-493",Woodstock,GA,30188
1100,2929 Turner Hill Road,Lithonia,GA,30038
1099,3393 Peachtree Road,Atlanta,GA,30326
1098,800 Hwy 400 S,Dawsonville,GA,30534
1097,"2801 Candler Rd, Spc C29",Decatur,GA,30034
1096,400 Ernest W Barrett Pkwy,Kennesaw,GA,30144
1095,1332 Cumberland Mall,Atlanta,GA,30339
1094,108 Arbor Place Mall,Douglasville,GA,30135
1087,3450 Wrightsboro Rd  Suite 2328,Augusta,GA,30909
1086,K1 North Point Circle,Alpharetta,GA,30022
1085,1130 N Point Cir,Alpharetta,GA,30022
1108,2922 Watson Blvd,Centerville,GA,31028
1107,1332 Cumberland Mall,Atlanta,GA,30339
1106,2770 Martha Berry Highway,Rome,GA,30165
1256,"98-1005 Moanalua Rd, Ste 2402",Aiea,HI,96706
1495,1551 Valley West Dr,West Des Moines,IA,50266
1500,"801 Bass Pro Drive NW, Inline Space #604",Altoona,IA,50009
1499,555 J. F. Kennedy Road,Dubuque,IA,52002
1260,1450 Ala Moana Blvd.,Honolulu,HI,96814
1259,91-5431 Kapolei Pkwy,Kapolei,HI,96707
1258,"111 E Puainako Str, Spc #432",Hilo,HI,96720
1257,"98-1005 Moanalua Rd, Ste #150A",Aiea,HI,96701
1311,308 Orland Square,Orland Park,IL,60462
1318,3333 W Touhy Ave,Chicago,IL,60712
1317,7601 S Cicero Ave,Chicago,IL,60652
1328,500 W Madison St,Chicago,IL,60661
1327,239 Golf Mill Shopping Ctr,Niles,IL,60714
1326,845 N Michigan Ave,Chicago,IL,60611
1325,2171 Northbrook Ct Spc 1286,Northbrook,IL,60062
1324,4999 Old Orchard Center,Skokie,IL,60077
1498,1451 Coral Ridge Avenue,Coralville,IA,52241
1497,101 Jordan Creek Pkwy,West Des Moines,IA,50266
1496,3800 Merle Hay Rd  Spc 500A,Des Moines,IA,50310
1349,7501 W Cermak Road,North Riverside,IL,60546
1348,225 S Canal St,Chicago,IL,60606
1347,I-94 @ Balmoral Avenue,Rosemont,IL,60018
1346,5 Woodfield Mall,Schaumburg,IL,60173
1345,1600 N State Rt 50,Bourbonnais,IL,60914
1316,118 Stratford Square,Bloomingdale,IL,60108
1315,1100 Fox Valley Center,Aurora,IL,60504
1314,96 River Oaks Center,Calumet City,IL,60409
1313,266 St Clair Square,Fairview Heights,IL,62208
1312,203 Yorktown,Lombard,IL,60148
1339,2062 Fox Valley Ctr,Aurora,IL,60504
1338,1650 Premium Outlets Blvd,Aurora,IL,60506
1337,2201 W. War Memorial Dr,Peoria,IL,61613
1336,1376 Springhill Mall,West Dundee,IL,60118
1335,2000 N Neil St Spc 260,Champaign,IL,61821
1334,3320 Quincy Mall,Quincy,IL,62301
1333,501 Chicago Ridge Mall Dr,Chicago Ridge,IL,60415
1332,403 Oakbrook Center,Hinsdale,IL,60523
1331,7200 Harrison Ave,Rockford,IL,61112
1330,2501 W Wabash Spc F06,Springfield,IL,62704
1329,118 Hawthorn Center  Spc E13,Vernon Hills,IL,60061
1323,Spc 45K203,Gurnee,IL,60031
1322,Woodfield Dr Spc D103,Schaumburg,IL,60173
1321,3340 Mall Loop Dr,Joliet,IL,60431
1320,7501 W Cermak Rd,N Riverside,IL,60546
1319,N Harlem Ave  Spc 79,Norridge,IL,60706
1356,2700 Route 34,Oswego,IL,60543
1355,2501 W. Wabash,Springfield,IL,62704
1354,1401 West Green Street,Urbana,IL,61801
1353,735 E Boughton Rd,Bolingbrook,IL,60440
1352,1650 Premium Outlets Blvd,Aurora,IL,60502
1351,1146 Hickory Mall,Forsyth,IL,62535
1350,2200 West War Memorial Drive,Peoria,IL,61613
1344,O'Hare Airport,Chicago,IL,60666
1343,10000W O'Hare,Chicago,IL,60666
1342,5800 Tri-State Tollway,Hinsdale,IL,60521
1341,13783 West Oasis Service RD,Lake Forest,IL,60045
1340,Auntie Anne's Kiosk #7A,Belvidere,IL,61008
1432,5026 Maple Terrace Parkway,Fort Wayne,IN,46835
1431,2415 Sagamore Parkway,Lafayette,IN,47905
1430,757 Lewis & Clark Pkwy E,Clarksville,IN,47129
1418,4201 Coldwater Rd,Fort Wayne,IN,46805
1436,1251 U.S. Highway 31N,Greenwood,IN,46142
1435,11622 N.E. Executive Drive,Edinburgh,IN,46124
1434,5903 Illinois Road,Ft Wayne,IN,46804
1433,10301 Maysville Rd,Ft Wayne,IN,46835
1429,4201 Coldwater Rd,Fort Wayne,IN,46805
1428,2268 Southlake Mall,Merrillville,IN,46410
1427,2415 Sagamore Pkwy South,Lafayette,IN,47905
1426,3401 S US Hwy 41,Terre Haute,IN,47802
1425,6501 N Grape Rd,Mishawaka,IN,46545
1424,3501 N Granville Ave Spc L01C,Muncie,IN,47303
1423,1251 US 31 N,Greenwood,IN,46142
1422,"Spc K-07, 2928 E 3rd Str",Bloomington,IN,47401
1421,6020 E 82nd St  Spc 138A,Indianapolis,IN,46250
1420,800 N Green River Rd,Evansville,IN,47715
1419,49 W Maryland St  Sp K1-01,Indianapolis,IN,46204
1510,1803 Village West Parkway,Kansas City,KS,66111
1509,7700 E Kellogg  Spc E10,Wichita,KS,67207
1508,4600 W Kellogg  Spc H8,Wichita,KS,67209
1512,11503 W 95th,Overland Park,KS,66214
1511,11619 W 95th St,Overland Park,KS,66214
1537,2625 Scottsville Rd,Bowling Green,KY,42104
1580,4700 Milhaven Rd,Monroe,LA,71203
1590,500 Port of New Orleans Place #50,New Orleans,LA,70130
1546,218 Triune Trace,Elizabethtown,KY,42701
1545,1155 Buck Creek Rd (Spc F623),Simpsonville,KY,40067
1544,5101 Hinkleville Road,Paducah,KY,42001
1543,5000 Shelbyville Road,Louisville,KY,40207-3342
1542,Space #1195,Louisville,KY,40207
1541,PK55 3401 Nicholasville Rd,Lexington,KY,40503
1540,4801 PK 65 Outer Loop,Louisville,KY,40219
1539,7900 Shelbyville Rd,Louisville,KY,40222
1538,Florence Mall Space 2092,Florence,KY,41042
1579,5725 Johnston St,Lafayette,LA,70503
1589,197 Westbank Expressway,Gretna,LA,70056
1588,2536 Airline Dr,Bossier City,LA,71111
1587,6401 Bluebonnet Blvd,Baton Rouge,LA,70836
1586,6401 Bluebonnet Blvd,Baton Rouge,LA,70836
1585,357 Boardwalk Blvd,Bossier City,LA,71111
1584,3437 Masonic Dr   Spc 1522,Alexandria,LA,71301
1583,3301 Veterans Memorial Blvd,Metairie,LA,70002
1582,664 W Prien Lake Rd,Lake Charles,LA,70601
1581,5953 West Park Ave  Spc 3037,Houma,LA,70364
1592,10200 Sullivan Rd.,Baton Rouge,LA,70818
1591,1133 St. Vincent Ave.,Shreveport,LA,71104
1628,487 Premium Outlets Blvd,Hagerstown,MD,21740
1627,8200 Perry Hall Blvd,Baltimore,MD,21236
1626,825 Dulaney Valley Rd,Towson,MD,21204
1685,332 Emerald Square,North Attleboro,MA,2760
1699,769 Iyannough Road,Hyannis,MA,2601
1698,1277 Broadway,Saugus,MA,1906
1697,601 Donald Lynch Blvd,Marlborough,MA,1752
1696,One Premium Outlet Blvd,Wrentham,MA,2093
1695,157 N Dartmouth Mall,Dartmouth,MA,2747
1694,1245 Worcester Str,Natick,MA,1760
1693,1775 Washington Str,Hanover,MA,2339
1692,101 Kingston Collection Way,Kingston,MA,2364
1691,200 Westgate Dr  Ste E115,Brockton,MA,02301-1831
1690,585 South Bridge St,Auburn,MA,1501
1689,250 Granite St  Ste 2134,Braintree,MA,2184
1688,#2 South Station,Boston,MA,02108-
1687,100 Commercial Way,Leominster,MA,1453
1686,1245 Worcester Str,Natick,MA,1760
1640,6901 Security Blvd,Baltimore,MD,21244
1639,100 Outlet Center Dr,Queenstown,MD,21658
1638,2300 N Salisbury Blvd,Salisbury,MD,21801
1617,6901 Security Blvd,Baltimore,MD,21244
1625,701 Russell Ave,Gaithersburg,MD,20877-2690
1624,17301 Valley Mall Rd,Hagerstown,MD,21740
1623,Northpoint Blvd & Eastern Ave,Baltimore,MD,21224
1622,7900 Governor Ritchie Hwy,Glen Burnie,MD,21061
1621,1262 Vocke Rd  Sp 124,LaVale,MD,21502
1620,East West Hwy & Belcrest Rd,Hyattsville,MD,20782
1619,1420 Annapolis Mall,Annapolis,MD,21401
1618,PO Box 6163,Waldorf,MD,20603
1650,3737 Branch Ave.,Temple Hills,MD,20748
1649,"Interstate 270 West, south of Clarksburg Road",Clarksburg,MD,20871
1648,901 North Atlantic Avenue - Boardwalk,Ocean City,MD,21842
1647,901 North Atlantic Avenue - Boardwalk,Ocean City,MD,21842
1646,"2300 N Salisbury Blvd, Ste H111",Salisbury,MD,21801
1645,6721 Chesapeake Center Dr,Glen Burnie,MD,21060
1644,"6800 Oxon Hill Rd, Ste 895",National Harbor,MD,20745
1643,7900 Governor Ritchie Highway,Glen Burnie,MD,21061
1642,2002 Annapolis Mall,Annapolis,MD,21401
1641,BAA MD-BWI Airport,Baltimore,MD,21240
1745,27470AB Novi Rd,Novi,MI,48377-3412
1744,3700 Rivertown Parkway,Grandville,MI,49418
1637,2301 Liberty Heights Ave,Baltimore,MD,21215
1636,BAA MD-BWI Airport,Baltimore,MD,21240
1635,BAA MD-BWI Airport,Baltimore,MD,21240
1634,400 N Center St,Westminster,MD,21157
1633,10300 Little Patuxent Pkwy,Columbia,MD,21044-3341
1632,7000 Arundel Mills Rd,Hanover,MD,21076
1631,"11160 Veirs Mill Rd, Spc H-10",Wheaton,MD,20902
1630,5500 Buckeystown Pike,Frederick,MD,21703
1629,7107 Democracy Blvd,Bethesda,MD,20817
1725,3200 S Airport Rd West,Traverse City,MI,49684
1724,5330 W Saginaw Hwy Spc 5278,Lansing,MI,48917
1654,10300 Little Patuxent Pkwy,Columbia,MD,21044
1653,8661 Colesville Road,Silver Springs,MD,20910
1652,10 N. Atlantic Ave.,Ocean City,MD,21842
1651,10300 Little Patuxent Pkwy,Columbia,MD,21044-3341
1747,350 84th Str SW,Byron Center,MI,49315
1746,23000 Eureka Road,Taylor,MI,48180
1767,60 East Broadway Spc N366,Bloomington,MN,55425
1743,4350 24th Ave,Fort Gratiot,MI,48059
1742,37700 West Six Mile Rd,Livonia,MI,48152
1741,"4787 Fashion Square Mall, Ste 214",Saginaw,MI,48604
1740,4101 East Wilder Rd,Bay City,MI,48706
1739,"17330 Hall Rd, Ste 198",Clinton Township,MI,48038
1738,27204 Novi Rd,Novi,MI,48377
1737,"14000 Lakeside Cir, Spc # 1475",Sterling Heights,MI,48078
1736,"4614 Baldwin Rd, Spc 935",Auburn Hills,MI,48326
1735,662 W Fourteen Mile Rd,Troy,MI,48083
1734,18900 Michigan Ave,Dearborn,MI,48126
1733,3195 28th Str SE Spc P106,Grand Rapids,MI,49512
1732,261 Briarwood Circle,Ann Arbor,MI,48108
1731,5600 Harvey St Suite 2094,Muskegon,MI,49444
1730,1982 W Grand River Ave  Spc K15,Okemos,MI,48864
1729,Auntie Anne's at The Crossroads,Portage,MI,49024
1728,3700 Rivertown Pkwy,Grandville,MI,49418
1727,"5775 Beckley Rd, Spc 239",Battle Creek,MI,49015
1726,3279 S Linden Rd,Flint,MI,48507
1853,340 E. Olden Streret,West Plains,MO,65775
1750,32182 Beaconsfield,Roseville,MI,48066
1749,4614 Baldwin Road,Auburn Hills,MI,48326
1748,3565 Fairlane Dr,Allen Park,MI,48101
1835,1481 Saint Louis Galleria,Richmond Heights,MO,63117
1834,2825 S Glenstone Ave,Springfield,MO,65804
1774,"3925 Eagan Outlet Pkwy, Spc #945",Eagan,MN,55122
1773,3001 White Bear Ave,St. Paul,MN,56301
1772,8251 Flying Cloud Dr,Eden Prairie,MN,55344
1771,344 Northtown Dr NE,Blaine,MN,55434
1770,60 East Broadway Spc N366,Bloomington,MN,55425
1769,12363 Wayzata Blvd,Minnetonka,MN,55305
1768,10 Rosedale Center,Roseville,MN,55113
1852,112 W. 47th Street,Kansas City,MO,64112
1851,307 Branson Landing Blvd,Branson,MO,65616
1850,1310 Preacher Roe Blvd,West Plains,MO,65775
1849,3702 Frederick Ave.,St. Joseph,MO,64506
1848,101 North Rangeline Rd,Joplin,MO,64801
1847,2300 Bernadette Drive,Columbia,MO,65203
1846,Auntie Anne's #MO128,Fort Leonard Wood,MO,65473
1845,1095 Saint Louis Galleria,Richmond Heights,MO,63117
1844,235 Independence Center Drive,Independence,MO,64057
1843,777 Casino Center Rd,Maryland Heights,MO,63043
1842,80 West County Center,Des Peres,MO,63131
1841,2054 Independence Ctr Dr,Independence,MO,64057
1840,1600 Mid-Rivers Mall Dr,St. Peters,MO,63376
1839,2825 S Glenstone Ave,Springfield,MO,65804
1838,"4540 Osage Beach Pkwy, Ste L4",Osage Beach,MO,65065
1837,165 West County Center,Des Peres,MO,63131
1836,33 S County Center,St Louis,MO,63129
1787,2600 Beach Blvd,Biloxi,MS,39531
1791,"5205 Airways Blvd, Spc 960",Southaven,MS,38671
1790,1200 East County Line Road,Ridgeland,MS,39157
1789,1000 Turtle Creek Dr,Hattiesburg,MS,39402
1788,3615 Sangani Blvd,D'Iberville,MS,39532
2457,8906 Carindale Rd,Waxhaw,NC,28173
2456,714 SE Greenville Blvd,Greenville,NC,27858
2455,8111 Concord Mills Blvd,Concord,NC,28027
2436,4325 Glenwood Ave,Raleigh,NC,27612
2442,5959 Triangle Town Blvd #EU2133,Raleigh,NC,27616
2441,6910 Fayetteville Rd  Spc 226,Durham,NC,27713
2440,8111 Concord Mills Blvd  Ste 745,Concord,NC,28027
2439,11025 Carolina Place Pkwy,Pineville,NC,28134
2438,3500 Oleander Dr,Wilmington,NC,28403
2437,3 S Tunnel Rd   Spc B8,Asheville,NC,28805
2454,1025 Outlet Center Drive,Smithfield,NC,27577
2453,800 Brevard Road,Asheville,NC,28806
2452,5959 Triangle Town Blvd.,Raleigh,NC,27616
2451,419 Cross Creek Mall,Fayetteville,NC,28303
2450,"5506 New Fashion Way, Ste 325",Charlotte,NC,28278
2449,1550 Skibo Rd,Fayetteville,NC,28303
2448,6801 Northlake Mall Dr,Charlotte,NC,28027
2447,"410 Four Seasons Town Centre, #227A",Greensboro,NC,27427
2446,3320 Silas Creek Parkway,Winston-Salem,NC,27103
2445,4000 Arrowhead Blvd,Mebane,NC,27302
2444,6801 Northlake Mall Dr,Charlotte,NC,28216
2443,"4400 Sharon Rd, Ste G40",Charlotte,NC,28211
2558,606 Kirkwood Mall,Bismarck,ND,58504
1958,11 43rd St  Unit #4,Sea Isle City,NJ,8243
1965,Routes 47 & 55,Vineland,NJ,8360
1964,415 Woodbridge Center Dr,Woodbridge,NJ,7095
1974,514 Cherry Hill Mall,Cherry Hill,NJ,8002
1973,One Premium Outlets Blvd,Tinton Falls,NJ,7724
1972,755 State Hwy 18  Suite 778A,East Brunswick,NJ,8816
1906,"6100 O Str, Ste #276",Lincoln,NE,68505
1904,"10000 California Street, Space #5570",Omaha,NE,68104
1905,3001 S 144th St,Omaha,NE,68144
1907,14333 Nebraska 31,Gretna,NE,68028
1950,310 Daniel Webster Hwy,Nashua,NH,3060
1953,99 Rockingham Park Blvd,Salem,NH,3079
1952,80 Premium Outlets Blvd,Merrimack,NH,3054
1951,1500 S Willow St,Manchester,NH,3103
1963,146 Quaker Bridge Mall,Lawrenceville,NJ,8648
1962,514 Cherry Hill Mall,Cherry Hill,NJ,8002
1961,1750 Deptford Center Rd,Deptford,NJ,8096
1960,"3710 Route 9, Space F-200",Freehold,NJ,7728
1959,183 Breckenridge Dr,Sicklerville,NJ,8081
1986,112 Eisenhower Parkway,Livingston,NJ,7039
1985,30 Mall Drive,Jersey City,NJ,7310
1984,"100 Premium Outlets Dr, Spc #475",Blackwood,NJ,8012
1983,2110 Quaker Bridge Mall,Lawrenceville,NJ,8648
1982,4403 Black Horse Pike,Mays Landing,NJ,8330
1981,4403 Black Horse Pike,Mays Landing,NJ,8330
1980,1300 US Hwy 22 East,Phillipsburg,NJ,8865
1979,100 Menlo Park,Edison,NJ,8837
1978,363 Menlo Park Mall Drive,Edison,NJ,8837
1977,700 Paramus Park,Paramus,NJ,7652
1976,112 Eisenhower Pkwy,Livingston,NJ,7039
1975,30 Mall Dr,Jersey City,NJ,7310
1971,651 Kapkowski Spc 1430,Elizabeth,NJ,7201
1970,651 Kapkowski Spc 2258,Elizabeth,NJ,7201
1969,"400 Commons Way, Ste 323",Bridgewater,NJ,8807
1968,1201 Hooper Ave Spc 1018,Toms River,NJ,8753
1967,"301 Mt. Hope Ave, Ste 1048",Rockaway,NJ,7866
1966,"400 Route 38, Spc 1080",Moorestown,NJ,08057-3295
1992,415 Woodbridge Center Drive,Woodbridge,NJ,7095
1991,10 Upper Brook Drive,North Brunswick,NJ,8902
1990,2718 Boardwalk,Wildwood,NJ,8260
1989,"1750 Deptford Center, Space 2B 19AB",Deptford,NJ,8096
1988,180 State Road 35 South,Eatontown,NJ,7724
1987,180 State Road 35 South,Eatontown,NJ,7724
1915,875 S Grand Central Pkwy,Las Vegas,NV,89106
2088,10000 Coors Bypass,Albuquerque,NM,87114
2092,6600 Menaul Blvd NE,Albuquerque,NM,87110
2091,4601 East Main Street,Farmington,NM,87402
2090,571 Walton Blvd,Las Cruces,NM,88001
2089,700 South Telshor Blvd,Las Cruces,NM,88011
1914,Attn:  Store Manager,North Las Vegas,NV,89032
2119,N Union St,Olean,NY,14760
2118,"601-635 Harry L. Dr, Ste #17",Johnson City,NY,13790
2117,2001 South Rd,Poughkeepsie,NY,12601
2116,3300 Chambers Rd,Horseheads,NY,14845
2115,Route 5 & 5A,New Hartford,NY,13413
1929,1300 W Sunset Rd,Henderson,NV,89014
1928,3377 S Las Vegas Blvd,Las Vegas,NV,89109
1927,3200 Las Vegas Blvd,Las Vegas,NV,89109
1926,875 S. Grand Central Parkway,Las Vegas,NV,89106
1925,2300 Paseo Verde Pkwy,Henderson,NV,89052
1924,4300 Meadows Lane #10,Las Vegas,NV,89107
1923,11011 W Charleston Blvd,Las Vegas,NV,89135
1922,5000 #1 Meadowood Mall,Reno,NV,89502
1921,Maryland Pkwy btwn Desert Inn Rd & Twain,Las Vegas,NV,89169
1920,4300 Meadows Lane,Las Vegas,NV,89107
1919,7400 Las Vegas Blvd Unit C-2,Las Vegas,NV,89123
1918,Auntie Anne's Terminal C,Las Vegas,NV,89119
1917,3200 Las Vegas Blvd Spc 5534,Las Vegas,NV,89109
1916,3663 Las Vegas Blvd,Las Vegas,NV,89109
2133,358 Broadway Mall,Hicksville,NY,11801
2132,3065 Route 50,Saratoga Springs,NY,12866
2131,15 Miracle Mile Dr,Rochester,NY,14623
2130,"1129 Green Acres Mall, Space #K01",Valley Stream,NY,11581
2129,Sp K103,Albany,NY,12203
2112,9677 Destiny USA Drive,Syracuse,NY,13204
2125,376 Greece Ridge Center Dr,Rochester,NY,14626
2124,K14 Boulevard Mall,Amherst,NY,14226
2123,34th Str between 7th & 8th Aves,New York,NY,10001-3691
2122,120 McKinley Mall,Blasdell,NY,14219
2121,4545 Transit Rd,Williamsville,NY,14221
2120,100 Main St,White Plains,NY,10601
2155,625 Atlantic Ave,Brooklyn,NY,11201
2154,"5100 King's Plaza, Ste #135",Brooklyn,NY,11234
2153,40-24 College Point Blvd,Flushing,NY,11354
2152,313 Smith Haven Mall,Lake Grove,NY,11755
2151,9090 Destiny USA Drive,Syracuse,NY,13204
2114,313 Smith Haven Mall,Lake Grove,NY,11755
2113,35 Sunrise Mall,Massapequa,NY,11758
2147,918 Tanger Outlet Mall,Deer Park,NY,11729
2146,"650 Lee Blvd, Spc K08",Yorktown Heights,NY,10598
2145,6 Mall Walk,Yonkers,NY,10704
2144,1926 Military Rd,Niagara Falls,NY,14304
2143,Route 5 and 5A,New Hartford,NY,13413
2142,LaGuardia Road,Flushing,NY,11371
2141,LaGuardia Road,Flushing,NY,11371
2140,Terminal 8,Jamaica,NY,11430
2139,64 Galleria Dr,Buffalo,NY,14225
2138,K14 Boulevard Mall,Amherst,NY,14226
2137,714 Eastview Mall Dr,Victor,NY,14564
2136,664 8th Ave,New York,NY,10036
2135,151 W 34th St,New York,NY,10001
2134,64 Galleria Dr Spc B103,Buffalo,NY,14225
2177,200 Baychester Ave.,Bronx,NY,10475
2176,630 Old Country Rd,Garden City,NY,11530
2175,279 Madison Ave.,Albany,NY,12242
2174,2857 Third Ave.,Bronx,NY,10455
2173,578 Aviation Road,Queensbury,NY,12804
2128,Roosevelt Field Mall,Garden City,NY,11530
2127,"131 Colonie Center, Ste 154",Albany,NY,12205
2126,318 E Fairmount Ave,Lakewood,NY,14750
2169,498 Red Apple Court,Central Valley,NY,10917
2168,40 Catherwood Road,Ithaca,NY,14850
2167,2034 West Circle Drive,Valley Stream,NY,11581
2166,2655 Richmond Ave,Staten Island,NY,10314
2165,800 Mall Walk,Yonkers,NY,10704
2164,5532 Broadway,Bronx,NY,10463
2163,1900 Military Road,Niagara Falls,NY,14304
2162,125 Westchester Avenue #925,White Plains,NY,10601
2161,160 Walt Whitman Road,Huntington Station,NY,11746
2160,4 South St,New York,NY,10004
2159,1701 Sunrise Highway,Bayshore,NY,11706
2158,8000 Cooper Ave,Ridgewood,NY,11385
2157,61-35 Junction Blvd,Rego Park,NY,11374
2156,640 Old Country Rd,Garden City,NY,11530
2150,625 Atlantic Avenue,Brooklyn,NY,11201
2149,1701 Sunrise Highway,Bay Shore,NY,11706
2148,One Sunrise Mall,Massapequa,NY,11758
2182,90-15 Queens Blvd.,Queens,NY,11373
2181,200 Tanger Mall Drive,Riverhead,NY,11901
2180,34th Str Btwn 7th & 8th Aves,New York,NY,10001
2179,34th Str Btwn 7th & 8th Aves,New York,NY,10001
2178,19 Mamaroneck Ave.,White Plains,NY,10601
2172,21182 Salmon Run Mall Loop W,Watertown,NY,13601
2171,60 Smithfield Blvd.,Plattsburgh,NY,12901
2170,891 Route #9,Queensbury,NY,12804
2562,230 Huron Road NW,Cleveland,OH,44113
2563,196 Great Northern Mall,North Olmsted,OH,44070-3301
2602,"400 South Wilson Rd, Suite 996",Sunbury,OH,43074
2601,5001 Monroe Street,Toledo,OH,43623
2600,400 Premium Outlets Drive,Monroe,OH,45050
2582,125 Easton Town Center,Columbus,OH,43219
2581,26300 Cedar Rd,Beachwood,OH,44122
2580,5555 Youngstown-Warren Rd,Niles,OH,44446
2579,5043 Tuttle Crossing Blvd,Dublin,OH,43016
2578,Royalton & Howe Rds,Strongsville,OH,44136
2577,9911 Avon Lake Rd,Burbank,OH,44214
2576,7401 Market St Spc 305,Youngstown,OH,44512
2575,7875 Montgomery Rd,Cincinnati,OH,45236
2574,3265 W Market St,Akron,OH,44333
2573,2400 Elida Rd Spc K105,Lima,OH,45805
2572,4601 Eastgate Blvd,Cincinnati,OH,45245
2571,2700 Miamisburg Centerville Rd,Dayton,OH,45459
2570,"7850 Mentor Ave, Spc K-105",Mentor,OH,44060
2569,1635 River Valley Circle,Lancaster,OH,43130
2568,3575 Maple Ave,Zanesville,OH,43701
2567,9713 Colerain Ave,Cincinnati,OH,45251
2566,67800 Mall Road,St. Clairsville,OH,43950
2565,Attn  Dwayne Ruegsegger,New Philadelphia,OH,44663
2564,11700 Princeton Pike,Cincinnati,OH,45246
2603,3265 W. Market Street,Akron,OH,44333
2599,"7100 Foundry Row, Suite S-140",Liberty Township,OH,45069
2598,668 Tanbark Ln,Wadsworth,OH,44281
2597,"400 South Wilson Rd, Suite 430",Sunbury,OH,43074
2596,4289 Belden Village Mall,Canton,OH,44718
2595,3883 Burbank Rd,Wooster,OH,44691
2594,9115 Southpark Center,Strongsville,OH,44136
2593,5300 Riverside Drive,Cleveland,OH,44135
2592,980 Premium Outlets Dr,Monroe,OH,45050
2591,186 Crocker Park Blvd,Westlake,OH,44145
2590,5300 Riverside Drive,Cleveland,OH,44135
2589,4314 Milan Road,Sandusky,OH,44870
2588,1222 Southpark Ctr Spc 9008,Strongsville,OH,44136
2587,4289 Belden Village Mall,Canton,OH,44718
2586,"5001 Monroe Str, Unit 9150",Toledo,OH,43623
2585,C/O Charlie Bauer,Jeromesville,OH,44840
2584,1500 Polaris Pkwy,Columbus,OH,43240
2583,771 S 30th St,Heath,OH,43056
2645,"2501 W Memorial Rd, Ste 5505",Oklahoma City,OK,73134
2605,441 Vine Street,Cincinnati,OH,45202
2604,4450 Buckeye Lane,Beavercreek,OH,45440
2650,"7642 W Reno Ave, Ste D-482",Oklahoma City,OK,73128
2649,4107 S Yale Spc  102,Tulsa,OK,74137
2648,3341 West Main St,Norman,OK,73072
2647,1901 NW Expy Ste 1073,Oklahoma City,OK,73118
2646,7021 South Memorial Dr,Tulsa,OK,74133
2710,401 Center St  Ste 2,Salem,OR,97301
2774,Montgomery Mall H6,North Wales,PA,19454
2773,1152 Mall Run Rd,Uniontown,PA,15401
2772,2287 Lebanon Valley Mall,Lebanon,PA,17042
2771,101 Clearview Cir,Butler,PA,16001
2717,1001 Arney Road,Woodburn,OR,97071
2716,2201 Lloyd Center,Portland,OR,97232
2715,"831 Lancaster Dr NE, Ste 18",Salem,OR,97301
2714,9487 SW Washington Sq Rd,Tigard,OR,97223
2713,"12000 SE 82nd Ave, Ste 2036",Portland,OR,97086
2712,1001 Arny Rd  Bldg 6  Ste 627,Woodburn,OR,97071
2711,"12000 SE 82nd Ave, Ste 1168",Portland,OR,97086
2796,200 Mall Blvd,Monroeville,PA,15146
2795,US Rt 30 Bypass & Donahue Rd,Greensburg,PA,15601
2794,4734-FC-9,Pittsburgh,PA,15205
2793,160 N. Gulph Road,King of Prussia,PA,19406
2792,200 Mall Blvd,Monroeville,PA,15146
2749,1201 Park City Center,Lancaster,PA,17601
2753,31A Colonial Park Plaza,Harrisburg,PA,17109
2752,9th & Market Sts,Philadelphia,PA,19107
2751,343 Strawberry Square,Harrisburg,PA,17101
2750,300 Lycoming Mall Circle Suite 234,Pennsdale,PA,17756
2817,200 Mall Office Complex,Monroeville,PA,15146
2816,1000 Airport Blvd,Pittsburgh,PA,15108
2815,160 N Gulph Rd,King of Prussia,PA,19406
2814,31A Colonial Park Plaza,Harrisburg,PA,17109
2813,1665 State Hill Rd,Wyomissing,PA,19610
2770,Lot 156,Monaca,PA,15061
2769,US Rt 30 Bypass & Donahue Rd,Greensburg,PA,15601
2768,"300 Lackawanna Avenue, Suite 219",Scranton,PA,18503
2767,30 Laurel Mall,Hazel Township,PA,18202
2766,201 Station Rd,Quakertown,PA,18951
2765,"2500 W Moreland Rd, Ste FC1",Willow Grove,PA,19090
2764,2334 Oakdale Ave  Suite 51,Indiana,PA,15701
2763,Spc 834 Rte 6,Scranton,PA,18508
2762,1665 State Hill Rd,Wyomissing,PA,19610
2761,"500 Galleria Dr, Suite #188",Johnstown,PA,15904
2760,1000 Ross Park Mall Dr,Pittsburgh,PA,15237
2759,500 Germantown Pike,Plymouth Meeting,PA,19462
2758,1155 Carlisle St,Hanover,PA,17331
2757,293 Exton Square Mall,Exton,PA,19341
2756,730 Wyoming Valley Mall,Wilkes Barre,PA,18702
2755,160 N Gulph Rd,King of Prussia,PA,19406
2754,One Susquehanna Valley Mall Dr,Selinsgrove,PA,17870
2791,100 Commons Dr,Parkesburg,PA,19365
2790,2899 Whiteford Rd,York,PA,17402
2789,890 East Main St,Ephrata,PA,17522
2788,301 South Hills Village,Pittsburgh,PA,15241
2787,640 Millcreek Mall,Erie,PA,16565
2786,2801 East Market St,York,PA,17402
2785,2034 Lincoln Highway East,Lancaster,PA,17602
2784,1091 Millcreek Rd,Allentown,PA,18106
2783,1863 Gettysburg Village Dr,Gettysburg,PA,17325
2782,Rt 220 & Goods Lane,Altoona,PA,16602
2781,3475 Capital City Mall Dr,Camp Hill,PA,17011
2780,"690 W DeKalb Pk, Ste 1003",King of Prussia,PA,19406
2779,3343 E State St,Hermitage,PA,16148
2778,1250 Baltimore Pike  Spc 23A,Springfield,PA,19064
2777,341 Stroud Mall,Stroudsburg,PA,18360
2776,8500 Essington Ave,Philadelphia,PA,19153
2775,2300 E Lincoln Highway,Langhorne,PA,19047
2812,PO Box 12318,Pittsburgh,PA,15231
2811,One Terminal Drive,Middletown,PA,17057
2810,2150 Wilkes Barre Twnsp Mktpl,Wilkes Barre,PA,18702
2809,1000 Ross Park Mall Dr,Pittsburgh,PA,15237-3837
2808,"1625 Chestnut Str, Spc 206",Philadelphia,PA,19103
2807,100 Crossings Blvd,Elverson,PA,19520
2806,1911 Leesburg Grove City Rd,Grove City,PA,16127
2805,2200 Tanger Blvd,Washington,PA,15301
2804,301 South Hills Village,Pittsburgh,PA,15241
2803,1568 Franklin Mills Cir,Philadelphia,PA,19154
2802,Montgomery Mall H6,North Wales,PA,19454
2801,201 Park City Ctr,Lancaster,PA,17601
2800,18 W Lightcap Rd,Pottstown,PA,19464
2799,4734-FC-9 100 Robinson Ctr Drive,Pittsburgh,PA,15205
2798,"1000 Premium Outlets Dr, Ste C01C",Tannersville,PA,18372
2797,I-83 & Paxton St,Harrisburg,PA,17111
2828,Ste 1003,King of Prussia,PA,19406
2827,13th and Arch St.,Philadelphia,PA,19107
2826,8000 Essington Ave.,Philadelphia,PA,19153
2825,100 Robinson Ctr Dr,Pittsburgh,PA,15205
2824,2300 E. Lincoln Hwy.,Langhorne,PA,19047
2823,104 Berkshire Lane,Royersford,PA,19468
2822,500 Galleria Drive,Johnstown,PA,15904
2821,"29 Wyoming Valley Mall, K009",Wilkes-Barre,PA,18702
2820,"311 Stanley K. Tanger Drive, Suite 1217",Lancaster,PA,17602
2819,"2880 Center Valley Pkwy, Suite 604",Center Valley,PA,18034
2818,100 Sara Way,Belle Vernon,PA,15012
2897,"205 W. Blackstock Road, Suite 165",Spartanburg,SC,29301
2896,805 Hwy 9 Bypass West,Lancaster,SC,29720
2895,1256 Fording Island Road,Bluffton,SC,29910
2894,"700 Haywood Rd,  KI-16",Greenville,SC,29607
2879,400 Bald Hill Rd Ste 181,Warwick,RI,2886
2880,124 Providence Place Mall,Providence,RI,2903
2884,100 Columbiana Circle,Columbia,SC,29212
2893,Highway 17 and 48th Avenue South,North Myrtle Beach,SC,29582
2892,"4635 Factory Stores Blvd, Ste D115",Myrtle Beach,SC,29579
2891,"10835 Kings Rd, Ste 280",Myrtle Beach,SC,29572
2890,1414 Fording Island Road,Bluffton,SC,29910
2889,"700 Haywood Rd, Spc 2020A",Greenville,SC,29607
2888,2000 Coastal Grand Cir,Myrtle Beach,SC,29577
2887,1306 Celebrity Circle,Myrtle Beach,SC,29577
2886,2150 Northwoods Blvd,Charleston,SC,29406
2885,7201 Two Notch Rd,Columbia,SC,29223
2975,370 Empire Mall,Sioux Falls,SD,57106
2976,"2101 Fort Henry Dr, Ste 115",Kingsport,TN,37664
2994,124 Riverbirch Lane,Hendersonville,TN,37075
2977,Governor's Square  Unit 540,Clarksville,TN,37040
2995,2126 Abbott Martin Road,Nashville,TN,37215
2993,7600 Kingston Pike,Knoxville,TN,37919
2992,1645 Parkway Suite 960,Sevierville,TN,37862
2991,8400 Hwy 64,Bartlett,TN,38133
2990,"762 Parkway, Suite 2",Gatlinburg,TN,37738
2989,570 Enon Springs Road East,Smyrna,TN,37167
2988,1414 Parkway,Sevierville,TN,37862
2987,131 The Island Drive,Pigeon Forge,TN,37863
2986,271 Northgate Mall,Chattanooga,TN,37415
2985,2100 Hamilton Place Blvd,Chattanooga,TN,37421
2984,"2011 N Roan Str, Space B2A",Johnson City,TN,37601
2983,2126 Abbott Martin Rd,Nashville,TN,37215
2982,"1800 Galleria Blvd, Ksk 4056",Franklin,TN,37067
2981,138 Opry Mills Dr,Nashville,TN,37214
2980,2760 N Germantown Pkwy,Memphis,TN,38133
2979,2550 E Morris Blvd  Sp 54,Morristown,TN,37813
2978,7600 Kingston Pike  Spc 1162,Knoxville,TN,37919
3072,3000 Grapevine Mills Parkway,Grapevine,TX,76051
3071,11200 Lakeline Mall Dr,Cedar Park,TX,78613
3070,DBA Auntie Anne's DFW TX112,Flower Mound,TX,75027
3069,DBA Auntie Anne's DFW TX111,Flower Mound,TX,75027
3068,DBA Auntie Anne's DFW TX110,Flower Mound,TX,75027
3093,2522 West Freddy Gonzales,Edinburg,TX,78539
3092,DBA Auntie Anne's,Flower Mound,TX,75027
3091,DBA Auntie Anne's,Flower Mound,TX,75027
3090,1145 Baybrook Mall,Friendswood,TX,77546
3089,"2201 S I-35 East, Ste P-3",Denton,TX,76205
3088,2522 W Freddy Gonzales,Edinburg,TX,78539
3065,3811 S Cooper St,Arlington,TX,76015
3086,574 Memorial City,Houston,TX,77024
3085,"3950 Terminal Rd, Terminal E",Houston,TX,77032
3084,3651 Irving Mall,Irving,TX,75062
3083,13350 Dallas Pkwy Ste 3290,Dallas,TX,75240
3082,2192 Green Oaks Rd,Fort Worth,TX,76116
3081,6301 NW Loop 410,San Antonio,TX,78238
3080,7400 San Pedro Ave Ste 830,San Antonio,TX,78216
3079,2601 Preston Rd,Frisco,TX,75034
3078,200 US Highway 80 East,Mesquite,TX,75149
3077,1400 Lowes Blvd,Killeen,TX,76542
3076,7701 I-40 W #246,Amarillo,TX,79121
3075,2046 Town East Mall,Mesquite,TX,75150
3074,#75 Central Mall,Texarkana,TX,75503
3073,2701 S Interstate Highway 35,Round Rock,TX,78664
3113,2522 W Freddy Gonzales,Edinburg,TX,78539
3112,"15900 La Cantera Pkwy, Ste #8801",San Antonio,TX,78256
3111,2601 Preston Road,Frisco,TX,75034
3110,"3000 Grapevine Mills Pkwy, Ste 124",Grapevine,TX,76051
3109,2522 W Freddy Gonzales,Edinburg,TX,78539
3067,DBA Auntie Anne's DFW TX109,Flower Mound,TX,75027
3066,6001 W Waco Dr,Waco,TX,76710
3107,"4800 S Hulen Str, Spc 1640",Fort Worth,TX,76123
3106,29300 Hempstead Rd,Cypress,TX,77433
3105,2805 Business Ctr Dr #063,Pearland,TX,77581
3104,Spc 1334,Killeen,TX,76543
3103,1201 Lake Woodlands Dr,The Woodlands,TX,77380
3102,2522 W Freddy Gonzales,Edinburg,TX,78539
3101,3811 S Cooper Str,Arlington,TX,76015
3100,2901 S Capital of Texas Hwy,Austin,TX,78746
3099,1101 Melbourne Rd,Hurst,TX,76053
3098,"4401 North IH-35, Ste 830",Round Rock,TX,78664
3097,295 Cedar Sage Dr,Garland,TX,75040
3096,3939 I-H 39 S,San Marcos,TX,78666
3095,5015 Westheimer Rd #K107A,Houston,TX,77056
3094,8687 North Central Expwy,Dallas,TX,75225
3135,4200 South Freeway,Ft. Worth,TX,76115
3134,6002 Slide Road,Lubbock,TX,79414
3133,7051 S. Desert Blvd.,Canutillo,TX,79835
3132,Zaragaza Street,Laredo,TX,78040
3131,4000 New Boston Rd,Texarkana,TX,75501
3130,"5015 Westheimer Road, #K107A",Houston,TX,77056
3087,1500 Harvey Road,College Station,TX,77840
3128,southwest quadrant of I-35 and SH-114,Fort Worth,TX,76115
3127,951 SW Wilshire Blvd,Burleson,TX,76028
3126,3500 McCann Road,Longview,TX,75605
3125,7400 San Pedro Avenue,San Antonio,TX,78216-5353
3124,3000 Grapevine Mills Parkway,Grapevine,TX,76051
3123,8401 Gateway Blvd,El Paso,TX,79925
3122,4601 S Broadway Ave,Tyler,TX,75703
3121,800 S US Hwy 81/287,Decatur,TX,76234
3120,9800 Airport Blvd,San Antonio,TX,78216
3119,"5885 Gulf Freeway, Ste #340",Texas City,TX,77591
3118,6155 Eastex Freeway,Beaumont,TX,77706
3117,451 Midkiff Rd,Midland,TX,79705
3116,Auntie Anne's #TX180,Grand Prairie,TX,75052
3115,1613 Pleasonton Rd,Fort Bliss,TX,79906
3114,2522 W Freddy Gonzales,Edinburg,TX,78539
3108,16535 Southwest Freeway,Sugar Land,TX,77479
3140,4031 Bellefontaine Street,Houston,TX,77025
3139,7750 N. MacArthur Ste 1201123,Irving,TX,75063
3138,2200 S 10th St.,McAllen,TX,78503
3137,9238 North Loop 1604 West,San Antonio,TX,78249
3136,300 Memorial City Mall,Houston,TX,77024
3129,7401 Interstate Highway 30,Greenville,TX,75402
3719,6745 Springfield Mall,Springfield,VA,22150
3743,230 Southpark Circle,Colonial Heights,VA,23834
3742,"21100 Dulles Town Cir, Ste 262",Dulles,VA,20166
3691,3700 North Cabelas Blvd,Lehi,UT,84043
3723,8300 Sudley Rd,Manassas,VA,20109
3692,1313 N Fish Creek Drive,Saratoga Springs,UT,84045
3718,345 Spotsylvania Mall,Fredericksburg,VA,22407
3722,2700 Potomac Mills Circle,Woodbridge,VA,22192
3721,"1925 E Market St, Suite #307",Harrisonburg,VA,22801
3720,11953U Fair Oaks,Fairfax,VA,22033
3741,137 Spotsylvania Mall - Unit 210,Fredericksburg,VA,22407
3740,1850 Apple Blossom Drive,Winchester,VA,22601
3739,5645 Suite 100A,Williamsburg,VA,23188
3738,300 Monticello Ave,Norfolk,VA,23510
3737,"Concourse C, Gate C-11",Dulles,VA,20166
3736,"701 Lynnhaven Pkwy, Spc E16",Virginia Beach,VA,23452
3735,2700 Potomac Mills Cir,Woodbridge,VA,22191
3734,11800 W Broad St,Richmond,VA,23233
3733,1100 South Hayes St,Arlington,VA,22202
3732,1200 N Main St,Suffolk,VA,23434
3731,1100 South Hayes St,Arlington,VA,22202
3730,6540 Springfield Mall,Springfield,VA,22150
3729,12300 Jefferson Ave,Newport News,VA,23602
3728,1755 Jefferson Davis Hwy,Arlington,VA,22202
3727,1401 Greenbrier Parkway,Chesapeake,VA,23320
3726,11500 Midlothian Tpke,North Chesterfield,VA,23235
3725,1547 E Rio Rd,Charlottesville,VA,22901
3724,7955 Tyson's Corner Center,McLean,VA,22102
3760,1802 Atlantic Ave.,Virginia Beach,VA,23451
3759,241 Fort Evans Road NE,Leesburg,VA,20176
3758,8300 Sudley Rd,Manassas,VA,20109
3757,2410 Sheila Lane,Richmond,VA,23225
3756,4200 Portsmouth Blvd.,Portsmouth,VA,23321
3755,11750 Fair Oaks Mall,Fairfax,VA,22033
3754,620 John Paul Jones Cir,Portsmouth,VA,23708
3753,2601 Geo. Washington Mem. Hwy,Yorktown,VA,23693
3752,"1600 Premium Outlet Boulevard, Spc. 862",Norfolk,VA,23502
3751,116 Lucy Ln,Waynesboro,VA,22980
3750,4802 Valley View Boulevard NW,Roanoke,VA,24012
3749,"The Pentagon, Room 1B1080",Arlington,VA,22202
3748,1750 Tomcat Boulevard,Virginia Beach,VA,23460
3747,801 James Madison Hwy,Culpeper,VA,22701
3746,1580 Mall Drive,Norfolk,VA,23511
3745,6530 Trading Square,Haymarket,VA,20169
3744,2700 Potomac Mills Cir,Woodbridge,VA,22192
3833,1321 N Columbia Center Blvd,Kennewick,WA,99336
3832,Space K9011,Vancouver,WA,98662
3831,3500 S Meridian Spc 425,Puyallup,WA,98373
3830,401 NE  Northgate Way,Seattle,WA,98125
3845,16311 SDE 139th Place,Renton,WA,98059
3844,16311 SE 139th Pl,Renton,WA,98059
3843,10600 Quil Ceda Blvd. Suite 750,Tulalip,WA,98271
3842,Building #5280,Fort Lewis,WA,98433
3715,155 Dorset St,South Burlington,VT,5403
3824,Space 2040 Bellevue Square,Bellevue,WA,98004
3835,"10600 Quil Ceda Blvd, Ste 312",Tulalip,WA,98271
3834,"3000 184th Str, Spc #354",Lynnwood,WA,98037
3829,4502 S Steel St,Tacoma,WA,98409
3828,1 Bellis Fair Parkway #436,Bellingham,WA,98226
3827,14700 E Indiana Ave,Spokane,WA,99216
3826,"3000 184th Str, Spc #856",Lynnwood,WA,98037
3825,1101 Outlet Collection Way,Auburn,WA,98001
3846,111 SE Everett Mall Way,Everett,WA,98208
3841,1101 Outlet Collection Way,Auburn,WA,98001
3840,511 Valley Mall Pkwy,East Wenatchee,WA,98802
3839,808 West Main Street,Spokane,WA,99201
3838,"2529 Main Str, B-3",Union Gap,WA,98903
3837,546 Southcenter Mall,Seattle,WA,98188
3836,1120 Southcenter Mall,Seattle,WA,98188
3887,"400 Mall Rd, Unit 735",Barboursville,WV,25504
3886,"100 Grand Central Ave, Spc F245",Vienna,WV,26105
3885,9323 Mall Rd,Morgantown,WV,26501
3894,9 West Towne Mall,Madison,WI,53719
3898,1515 West Paradise Dr,West Bend,WI,53095
3897,185 Bay Park Square,Green Bay,WI,54304
3896,2500 N Mayfair Rd,Wauwatosa,WI,53226
3895,5300 South 76th St,Greendale,WI,53129
3890,800 Foxcraft Avenue,Martinsburg,WV,25041
3908,6933 W. Brown Deer Road,Milwaukee,WI,53222
3907,210 Gasser Road,Wisconsin Dells,WI,53913
3906,C-302 Wausau Center,Wausau,WI,54403
3905,5538 Durand Ave,Racine,WI,53406
3904,5300 S. Howell Ave,Milwaukee,WI,53207
3903,5300 S. Howell Ave,Milwaukee,WI,53207
3902,2500 Milton Avenue,Janesville,WI,53545
3901,5800 Bayshore Dr,Glendale,WI,53217
3900,"95 N Moorland Rd, Space A-60",Brookfield,WI,53005
3899,115 East Towne Mall,Madison,WI,53704
3889,2 Crossroads Mall,Mount Hope,WV,25880
3884,2399 Meadowbrook Rd,Bridgeport,WV,26330
3888,3000 Charleston Town Center,Charleston,WV,25389